아이디,퀴즈번호/행사명,,횟수
cinee999,1,,5
_._why_not__,4,,
ha_gyeong_k,1,,5
_chaerimk_,2,,
_chaerimk_,4,,
_chaerimk_,참여인증,,
hae1_zftt,1,,5
_do_hyunn,3,,
suyeon__sns,1,,5
_rlo_seo,2,,
_rlo_seo,3,,
_chaerimk_,1,,4
1.sik.j,3,,
gwemgwem_,1,,4
98__jhyun,참여인증,,
j0nye0k,1,,4
a11m1ne_,2,,
a11m1ne_,3,,
lim_chae_yeong_,1,,4
parkin213,1,,4
be.frankywillow,3,,
be.frankywillow,참여인증,,
shynarzhurunova,1,,4
chaeb_nii,4,,
sun_woo_12,1,,4
tkeytke,1,,4
westrain_18,1,,4
cinee999,2,,
cinee999,3,,
cinee999,4,,
cinee999,참여인증,,
_rlo_seo,1,,3
claire_kevin_rain,3,,
a11m1ne_,1,,3
be.frankywillow,1,,3
cutty_yg,참여인증,,
daeho__on25,1,,3
d__doddi,참여인증,,
hanna_0.1,1,,3
daeho__on25,2,,
daeho__on25,4,,
jaeho1729,1,,3
ddiyong_01,4,,
jeongin9896,1,,3
gravel_4444,참여인증,,
king_min_xuck,1,,3
gwemgwem_,2,,
gwemgwem_,3,,
gwemgwem_,참여인증,,
lim_triangle,1,,3
ha_gyeong_k,2,,
ha_gyeong_k,3,,
ha_gyeong_k,4,,
ha_gyeong_k,참여인증,,
maintain_yeon,1,,3
hae1_zftt,2,,
hae1_zftt,3,,
hae1_zftt,4,,
hae1_zftt,참여인증,,
min_muruk,1,,3
mmmmmmmmmmang,1,,3
hanna_0.1,2,,
hanna_0.1,참여인증,,
moon__suna,2,,3
ms_123_kim,1,,3
rosy_whale,1,,3
j0nye0k,2,,
j0nye0k,3,,
j0nye0k,4,,
sparkle_5z,1,,3
jaeho1729,2,,
jaeho1729,3,,
sso_chocopie,1,,3
jeongin9896,2,,
jeongin9896,3,,
tang_otte,1,,3
woojin.__.gsiv,1,,3
_._why_not__,1,,2
k_inverse2pir,참여인증,,
_do_hyunn,1,,2
1.sik.j,2,,2
98__jhyun,1,,2
king_min_xuck,3,,
king_min_xuck,4,,
chaeb_nii,3,,2
kkkkw_02,4,,
claire_kevin_rain,2,,2
lala_lalaji,3,,
cutty_yg,1,,2
lim_chae_yeong_,2,,
lim_chae_yeong_,3,,
lim_chae_yeong_,4,,
d__doddi,2,,2
lim_triangle,3,,
lim_triangle,참여인증,,
ddiyong_01,2,,2
ma.jiyeong,3,,
gravel_4444,2,,2
maintain_yeon,3,,
maintain_yeon,참여인증,,
k_inverse2pir,2,,2
kkkkw_02,3,,2
lala_lalaji,1,,2
meer_anwer,3,,
ma.jiyeong,1,,2
meer_anwer,1,,2
min_muruk,2,,
min_muruk,4,,
moai_62,1,,2
mmmmmmmmmmang,2,,
mmmmmmmmmmang,3,,
simsimhye_eun06,2,,2
moai_62,2,,
ssune_zz,1,,2
moon__suna,3,,
moon__suna,4,,
sumin338,2,,2
ms_123_kim,2,,
ms_123_kim,3,,
sunsoo3165,1,,2
u.__.biniii,2,,2
yeng_jji,1,,2
parkin213,2,,
parkin213,3,,
parkin213,4,,
yj_choii1,1,,2
yxxnni._.0514,3,,2
rosy_whale,2,,
rosy_whale,3,,
baszzing,4,,1
cheolhwan_kevin,참여인증,,1
cho.s.w.1206,1,,1
clear__9,2,,1
shynarzhurunova,2,,
shynarzhurunova,3,,
shynarzhurunova,4,,
hajun0512,참여인증,,1
simsimhye_eun06,3,,
hgyeong_lld,참여인증,,1
hyunpark0321,2,,1
jhiasd,1,,1
sparkle_5z,2,,
sparkle_5z,3,,
junghyunhyun,2,,1
sso_chocopie,2,,
sso_chocopie,3,,
k._.index,1,,1
ssune_zz,2,,
khoathedreamyboii,참여인증,,1
many_soldiers_bj,1,,1
sumin338,3,,
maratovnnaa_,1,,1
sun_woo_12,2,,
sun_woo_12,3,,
sun_woo_12,4,,
mihye_j,참여인증,,1
sunsoo3165,3,,
nch_song,3,,1
suyeon__sns,2,,
suyeon__sns,3,,
suyeon__sns,4,,
suyeon__sns,참여인증,,
ooqwqtee,2,,1
tang_otte,2,,
tang_otte,3,,
pyeong_wooooon,1,,1
tkeytke,2,,
tkeytke,3,,
tkeytke,4,,
s_h_yeon_2,4,,1
u.__.biniii,참여인증,,
seram_yuu,참여인증,,1
seung_ju_st,참여인증,,1
snovv0,1,,1
westrain_18,2,,
westrain_18,3,,
westrain_18,참여인증,,
soeunko,2,,1
steady.being,2,,1
woojin.__.gsiv,2,,
woojin.__.gsiv,3,,
unhlnf,참여인증,,1
yeng_jji,2,,
w.hee.l_ju,참여인증,,1
yj_choii1,참여인증,,
you.d_g,1,,
wodnjsrhkr,참여인증,,1
yxxnni._.0514,참여인증,,
zoo_0.hong,2,,1